{
  "train_loss": [
    3.7611298348452595,
    3.368137513195072,
    3.2660814839440424,
    3.198859448368485,
    3.152376176000715,
    3.120064362749323,
    3.0723679420110344,
    3.0453101729487515,
    3.0276904120101586,
    3.0126275574838792,
    2.753330232646014,
    2.5566136122823835,
    2.4453620339836086,
    2.3698683438537356,
    2.3088692122751526,
    2.255720846717422,
    2.21314244565663
  ],
  "train_acc": [
    0.3543637387387387,
    0.40208333333333335,
    0.4224380630630631,
    0.4365990990990991,
    0.4588963963963964,
    0.4676238738738739,
    0.4730855855855856,
    0.48555743243243243,
    0.48631756756756755,
    0.48856981981981984,
    0.600731981981982,
    0.6411317567567567,
    0.6668637387387387,
    0.6852477477477478,
    0.7024493243243243,
    0.7172578828828828,
    0.7321509009009008
  ],
  "val_loss": [
    2.9750621473467027,
    2.7617702617301596,
    2.7200458814431956,
    2.6824953418594224,
    2.6040924089448945,
    2.569410652512903,
    2.569883267729132,
    2.546208193495467,
    2.5490615954270233,
    2.5317957757829546,
    2.210904801428855,
    2.0940595463589506,
    2.0465275858973597,
    1.9776908629649395,
    1.9428565399066822,
    1.9070653447159776,
    1.8692485003858
  ],
  "val_acc": [
    0.3876126126126126,
    0.46013513513513515,
    0.4725225225225225,
    0.48018018018018016,
    0.5128378378378379,
    0.5243243243243243,
    0.5173423423423423,
    0.5261261261261261,
    0.5227477477477478,
    0.5317567567567567,
    0.6268018018018018,
    0.6655405405405406,
    0.6788288288288288,
    0.7022522522522523,
    0.7083333333333334,
    0.7211711711711711,
    0.7319819819819819
  ],
  "lr": [
    0.0009990143508499217,
    0.0009960612933065818,
    0.00099115248173898,
    0.0009843072889837512,
    0.0009755527298894294,
    0.0009649233547011816,
    0.0009524611127067769,
    0.0009382151866819099,
    0.0009222417987882566,
    0.0009046039886902864,
    9.986128001799077e-06,
    9.94459753267812e-06,
    9.875664641789545e-06,
    9.779754323328192e-06,
    9.65745789630079e-06,
    9.509529358847655e-06,
    9.336880739593415e-06
  ]
}