{
  "train_loss": [
    3.7611298348452595,
    3.368137513195072,
    3.2660814839440424,
    3.198859448368485,
    3.152376176000715,
    3.120064362749323,
    3.0723679420110344,
    3.0453101729487515,
    3.0276904120101586,
    3.0126275574838792,
    2.753330232646014,
    2.5566136122823835,
    2.4453620339836086,
    2.3698683438537356,
    2.3088692122751526,
    2.255720846717422,
    2.21314244565663,
    2.172785906104354,
    2.1373945386560114,
    2.098681919209592,
    2.0785831293544255,
    2.0434963491585876,
    2.0312451056531957,
    2.007461234954026,
    1.9889472942094546,
    1.965176759432028,
    1.9511744723663673,
    1.9364519095635628,
    1.9205259012209404,
    1.907255436386074
  ],
  "train_acc": [
    0.3543637387387387,
    0.40208333333333335,
    0.4224380630630631,
    0.4365990990990991,
    0.4588963963963964,
    0.4676238738738739,
    0.4730855855855856,
    0.48555743243243243,
    0.48631756756756755,
    0.48856981981981984,
    0.600731981981982,
    0.6411317567567567,
    0.6668637387387387,
    0.6852477477477478,
    0.7024493243243243,
    0.7172578828828828,
    0.7321509009009008,
    0.7449605855855855,
    0.7474662162162162,
    0.7600225225225226,
    0.7680461711711711,
    0.7778153153153153,
    0.7820664414414414,
    0.7867961711711712,
    0.7923704954954955,
    0.7994932432432432,
    0.8059403153153153,
    0.808811936936937,
    0.8093468468468469,
    0.8170045045045045
  ],
  "val_loss": [
    2.9750621473467027,
    2.7617702617301596,
    2.7200458814431956,
    2.6824953418594224,
    2.6040924089448945,
    2.569410652512903,
    2.569883267729132,
    2.546208193495467,
    2.5490615954270233,
    2.5317957757829546,
    2.210904801428855,
    2.0940595463589506,
    2.0465275858973597,
    1.9776908629649395,
    1.9428565399066822,
    1.9070653447159776,
    1.8692485003858,
    1.8502793962891038,
    1.8233808543231036,
    1.8070424844552804,
    1.7907301969356364,
    1.7735071283202988,
    1.7611237828795974,
    1.7521186424805237,
    1.7264572650462657,
    1.7370482071025952,
    1.7347366655195082,
    1.7286613084174491,
    1.7099819496945219,
    1.7038040446805525
  ],
  "val_acc": [
    0.3876126126126126,
    0.46013513513513515,
    0.4725225225225225,
    0.48018018018018016,
    0.5128378378378379,
    0.5243243243243243,
    0.5173423423423423,
    0.5261261261261261,
    0.5227477477477478,
    0.5317567567567567,
    0.6268018018018018,
    0.6655405405405406,
    0.6788288288288288,
    0.7022522522522523,
    0.7083333333333334,
    0.7211711711711711,
    0.7319819819819819,
    0.7353603603603603,
    0.745945945945946,
    0.7488738738738738,
    0.7581081081081081,
    0.7612612612612613,
    0.7684684684684685,
    0.7698198198198198,
    0.7738738738738739,
    0.7738738738738739,
    0.7713963963963963,
    0.777927927927928,
    0.7792792792792793,
    0.7842342342342342
  ],
  "lr": [
    0.0009990143508499217,
    0.0009960612933065818,
    0.00099115248173898,
    0.0009843072889837512,
    0.0009755527298894294,
    0.0009649233547011816,
    0.0009524611127067769,
    0.0009382151866819099,
    0.0009222417987882566,
    0.0009046039886902864,
    9.986128001799077e-06,
    9.94459753267812e-06,
    9.875664641789545e-06,
    9.779754323328192e-06,
    9.65745789630079e-06,
    9.509529358847655e-06,
    9.336880739593415e-06,
    9.140576474687265e-06,
    8.92182684520014e-06,
    8.681980515339464e-06,
    8.422516217485828e-06,
    8.14503363531613e-06,
    7.85124354122177e-06,
    7.5429572488279615e-06,
    7.222075445642905e-06,
    6.8905764746872645e-06,
    6.550504137351576e-06,
    6.2039550926810394e-06,
    5.853065930775303e-06,
    5.5e-06
  ]
}